model,repeat,seed,calibration_samples,validation_samples,test_normal_samples,full_ddos_samples,raw_quantile,log_quantile,raw_eps,log_eps,validation_false_positive_rate,selection_status,true_negative,false_positive,true_positive,false_negative,precision,recall,f1_score,false_positive_rate,specificity,balanced_accuracy,full_ddos_detected,full_ddos_recall
baseline3_raw,1,20260919,34058,17321,17037,121942,0.95,,0.007271313723889017,,0.04890017897350037,met_validation_fpr_target,16152,885,9173,7864,0.9120103400278385,0.5384163878617128,0.6770990957741281,0.051945765099489345,0.9480542349005107,0.7432353113811117,66109,0.5421347853897754
dual_view_union,1,20260919,34058,17321,17037,121942,0.985,0.985,0.03269191637757144,0.37393959186646714,0.04907337913515386,met_validation_fpr_target,16492,545,14710,2327,0.9642740085217961,0.8634149204672185,0.9110615632354763,0.031989199976521686,0.9680108000234783,0.9157128602453484,105107,0.8619425628577521
baseline3_raw,2,20260929,34184,17156,17076,121942,0.96,,0.007997790107250675,,0.03934483562602005,met_validation_fpr_target,16336,740,9155,7921,0.9252147549267307,0.5361325837432654,0.6788773126691633,0.04333567580229562,0.9566643241977044,0.7463984539704849,65776,0.5394039789408079
dual_view_union,2,20260929,34184,17156,17076,121942,0.96,0.98,0.007997790107250675,0.34035539815231186,0.04977850314758685,met_validation_fpr_target,16128,948,16943,133,0.9470124643675591,0.9922112907003983,0.9690851374152774,0.05551651440618412,0.9444834855938159,0.9683473881471071,120788,0.9905364845582326
baseline3_raw,3,20260939,34344,17277,16795,121942,0.96,,0.008161967725317342,,0.04283151010013313,met_validation_fpr_target,15995,800,9162,7633,0.9196948403934952,0.5455194998511462,0.6848301379078373,0.04763322417386127,0.9523667758261387,0.7489431378386424,66559,0.5458250643748668
dual_view_union,3,20260939,34344,17277,16795,121942,0.985,0.96,0.029081808428233175,0.25044219752093755,0.04792498697690571,met_validation_fpr_target,15928,867,16670,125,0.9505616696128186,0.9925573087228342,0.9711056740067575,0.05162250669842215,0.9483774933015778,0.9704674010122061,121018,0.9924226271506126
baseline3_raw,4,20260949,33696,17438,17282,121942,0.95,,0.007112987242518573,,0.04690904920289024,met_validation_fpr_target,16486,796,9357,7925,0.92159952723333,0.5414303900011572,0.6821213778020777,0.04605948385603518,0.9539405161439648,0.747685453072561,65798,0.5395843925800791
dual_view_union,4,20260949,33696,17438,17282,121942,0.97,0.98,0.013305021870150736,0.3446338614876161,0.04799862369537791,met_validation_fpr_target,16344,938,16333,949,0.9456893057726825,0.9450873741465108,0.9453882441466733,0.054276125448443464,0.9457238745515565,0.9454056243490336,115208,0.9447770251431008
baseline3_raw,5,20260959,34272,16618,17526,121942,0.96,,0.008377823634036543,,0.04248405343603322,met_validation_fpr_target,16835,691,9280,8246,0.9306990271788186,0.5294990300125528,0.6749827253882243,0.039427136825288145,0.9605728631747119,0.7450359465936324,64434,0.5283987469452691
dual_view_union,5,20260959,34272,16618,17526,121942,0.98,0.97,0.021143784242120833,0.2858897089013433,0.04994584185822602,met_validation_fpr_target,16546,980,17379,147,0.946620186284656,0.9916124614857925,0.9685941201058937,0.055916923428049756,0.9440830765719502,0.9678477690288714,120905,0.9914959570943563
